SA2_NAME16,total_pop,ancestry_1,ancestry_2,total_ancestry,pop_prop,sa3_name_2016,sa4_name_2016,focus_area,greater_syd_pop,greater_syd_average_viet,area_diff
Cabramatta - Lansvale,24708,8019,1202,9221,0.3731989638983325,Fairfield,Sydney - South West,Greater Sydney,4495958,0.02337165961069921,0.3498273042876333
Canley Vale - Canley Heights,20819,6373,1028,7401,0.35549257889427927,Fairfield,Sydney - South West,Greater Sydney,4495958,0.02337165961069921,0.33212091928358006
Cabramatta West - Mount Pritchard,17188,4099,548,4647,0.270363043984175,Fairfield,Sydney - South West,Greater Sydney,4495958,0.02337165961069921,0.2469913843734758
Bonnyrigg Heights - Bonnyrigg,15980,3339,507,3846,0.2406758448060075,Fairfield,Sydney - South West,Greater Sydney,4495958,0.02337165961069921,0.2173041851953083
Bankstown - South,15993,3470,300,3770,0.2357281310573376,Bankstown,Sydney - Inner South West,Greater Sydney,4495958,0.02337165961069921,0.21235647144663838
St Johns Park - Wakeley,10866,1995,339,2334,0.21479845389287686,Fairfield,Sydney - South West,Greater Sydney,4495958,0.02337165961069921,0.19142679428217765
Fairfield - East,15514,2493,241,2734,0.1762279231661725,Merrylands - Guildford,Sydney - Parramatta,Greater Sydney,4495958,0.02337165961069921,0.1528562635554733
Fairfield - West,19088,2785,420,3205,0.16790653813914502,Fairfield,Sydney - South West,Greater Sydney,4495958,0.02337165961069921,0.14453487852844582
Yagoona - Birrong,20706,3181,284,3465,0.16734279918864098,Bankstown,Sydney - Inner South West,Greater Sydney,4495958,0.02337165961069921,0.14397113957794178
Bankstown - North,16237,2052,207,2259,0.13912668596415595,Bankstown,Sydney - Inner South West,Greater Sydney,4495958,0.02337165961069921,0.11575502635345675
Green Valley,12514,1528,200,1728,0.13808534441425604,Bringelly - Green Valley,Sydney - South West,Greater Sydney,4495958,0.02337165961069921,0.11471368480355684
Condell Park,11305,1422,126,1548,0.13693056169836357,Bankstown,Sydney - Inner South West,Greater Sydney,4495958,0.02337165961069921,0.11355890208766437
Chester Hill - Sefton,18461,2182,286,2468,0.13368723254428255,Merrylands - Guildford,Sydney - Parramatta,Greater Sydney,4495958,0.02337165961069921,0.11031557293358335
Chullora,900,91,23,114,0.12666666666666668,Bankstown,Sydney - Inner South West,Greater Sydney,4495958,0.02337165961069921,0.10329500705596747
Greenfield Park - Prairiewood,8336,898,132,1030,0.12356046065259117,Fairfield,Sydney - South West,Greater Sydney,4495958,0.02337165961069921,0.10018880104189196
Edensor Park,9772,1027,174,1201,0.12290216946377405,Fairfield,Sydney - South West,Greater Sydney,4495958,0.02337165961069921,0.09953050985307485
Ashcroft - Busby - Miller,17335,1667,224,1891,0.10908566483991924,Bringelly - Green Valley,Sydney - South West,Greater Sydney,4495958,0.02337165961069921,0.08571400522922004
Fairfield,17704,1680,198,1878,0.10607772254857659,Fairfield,Sydney - South West,Greater Sydney,4495958,0.02337165961069921,0.08270606293787738
Bass Hill - Georges Hall,21834,1794,207,2001,0.0916460566089585,Bankstown,Sydney - Inner South West,Greater Sydney,4495958,0.02337165961069921,0.0682743969982593
Cecil Hills,7015,472,90,562,0.08011404133998574,Bringelly - Green Valley,Sydney - South West,Greater Sydney,4495958,0.02337165961069921,0.056742381729286535
Hinchinbrook,12295,831,141,972,0.07905652704351362,Bringelly - Green Valley,Sydney - South West,Greater Sydney,4495958,0.02337165961069921,0.055684867432814415
Regents Park,5067,304,80,384,0.07578448786264061,Auburn,Sydney - Parramatta,Greater Sydney,4495958,0.02337165961069921,0.0524128282519414
Marrickville,26540,1770,213,1983,0.07471740768651093,Marrickville - Sydenham - Petersham,Sydney - City and Inner South,Greater Sydney,4495958,0.02337165961069921,0.05134574807581172
Warwick Farm,5798,362,51,413,0.0712314591238358,Liverpool,Sydney - South West,Greater Sydney,4495958,0.02337165961069921,0.04785979951313659
Punchbowl,20753,1303,159,1462,0.07044764612345203,Canterbury,Sydney - Inner South West,Greater Sydney,4495958,0.02337165961069921,0.04707598651275282
Smithfield - Wetherill Park,18045,1126,145,1271,0.07043502355223054,Fairfield,Sydney - South West,Greater Sydney,4495958,0.02337165961069921,0.04706336394153133
Revesby,16223,903,83,986,0.060777907908524935,Bankstown,Sydney - Inner South West,Greater Sydney,4495958,0.02337165961069921,0.037406248297825725
Chipping Norton - Moorebank,18748,970,123,1093,0.058299551952208234,Liverpool,Sydney - South West,Greater Sydney,4495958,0.02337165961069921,0.034927892341509024
Berala,8898,351,143,494,0.05551809395369746,Auburn,Sydney - Parramatta,Greater Sydney,4495958,0.02337165961069921,0.03214643434299825
Lurnea - Cartwright,11686,533,63,596,0.05100119801471847,Liverpool,Sydney - South West,Greater Sydney,4495958,0.02337165961069921,0.027629538404019258
Lidcombe,19988,768,208,976,0.04882929757854713,Auburn,Sydney - Parramatta,Greater Sydney,4495958,0.02337165961069921,0.025457637967847918
Wiley Park,10217,459,36,495,0.048448663991386906,Canterbury,Sydney - Inner South West,Greater Sydney,4495958,0.02337165961069921,0.025077004380687697
Hoxton Park - Carnes Hill - Horningsea Park,11588,441,102,543,0.0468588194684156,Bringelly - Green Valley,Sydney - South West,Greater Sydney,4495958,0.02337165961069921,0.02348715985771639
Bossley Park - Abbotsbury,18834,746,134,880,0.04672400976956568,Fairfield,Sydney - South West,Greater Sydney,4495958,0.02337165961069921,0.02335235015886647
Canterbury (South) - Campsie,30620,1182,193,1375,0.044905290659699545,Canterbury,Sydney - Inner South West,Greater Sydney,4495958,0.02337165961069921,0.021533631049000336
Sydenham - Tempe - St Peters,7840,281,57,338,0.04311224489795919,Marrickville - Sydenham - Petersham,Sydney - City and Inner South,Greater Sydney,4495958,0.02337165961069921,0.019740585287259978
Lakemba,17019,623,96,719,0.04224690052294494,Canterbury,Sydney - Inner South West,Greater Sydney,4495958,0.02337165961069921,0.018875240912245732
Padstow,16475,562,91,653,0.03963581183611533,Bankstown,Sydney - Inner South West,Greater Sydney,4495958,0.02337165961069921,0.01626415222541612
Liverpool,27172,887,124,1011,0.03720741940232592,Liverpool,Sydney - South West,Greater Sydney,4495958,0.02337165961069921,0.013835759791626712
West Hoxton - Middleton Grange,15187,386,147,533,0.03509580562323039,Bringelly - Green Valley,Sydney - South West,Greater Sydney,4495958,0.02337165961069921,0.011724146012531182
Belmore - Belfield,19033,589,69,658,0.03457153365207797,Canterbury,Sydney - Inner South West,Greater Sydney,4495958,0.02337165961069921,0.01119987404137876
Panania - Milperra - Picnic Point,25788,704,146,850,0.03296106716302156,Bankstown,Sydney - Inner South West,Greater Sydney,4495958,0.02337165961069921,0.009589407552322349
Kingsgrove (North) - Earlwood,23679,618,113,731,0.03087123611639005,Canterbury,Sydney - Inner South West,Greater Sydney,4495958,0.02337165961069921,0.007499576505690841
Auburn - South,8487,181,80,261,0.030752916224814422,Auburn,Sydney - Parramatta,Greater Sydney,4495958,0.02337165961069921,0.007381256614115213
Greenacre - Mount Lewis,25964,694,100,794,0.0305808041904175,Bankstown,Sydney - Inner South West,Greater Sydney,4495958,0.02337165961069921,0.007209144579718291
Prestons - Edmondson Park,17580,445,87,532,0.03026166097838453,Liverpool,Sydney - South West,Greater Sydney,4495958,0.02337165961069921,0.0068900013676853195
Casula,15661,423,47,470,0.030010854990102802,Liverpool,Sydney - South West,Greater Sydney,4495958,0.02337165961069921,0.006639195379403592
Strathfield,25016,598,125,723,0.028901503038055644,Strathfield - Burwood - Ashfield,Sydney - Inner West,Greater Sydney,4495958,0.02337165961069921,0.0055298434273564345
Granville - Clyde,20830,489,62,551,0.026452232357177148,Merrylands - Guildford,Sydney - Parramatta,Greater Sydney,4495958,0.02337165961069921,0.0030805727464779387
Riverwood,11277,268,30,298,0.026425467766249888,Hurstville,Sydney - Inner South West,Greater Sydney,4495958,0.02337165961069921,0.003053808155550678
Dulwich Hill - Lewisham,16809,371,63,434,0.0258195014575525,Strathfield - Burwood - Ashfield,Sydney - Inner West,Greater Sydney,4495958,0.02337165961069921,0.0024478418468532916
Narwee - Beverly Hills,13781,293,62,355,0.02576010449169146,Hurstville,Sydney - Inner South West,Greater Sydney,4495958,0.02337165961069921,0.0023884448809922514
Strathfield South,3542,52,32,84,0.023715415019762844,Strathfield - Burwood - Ashfield,Sydney - Inner West,Greater Sydney,4495958,0.02337165961069921,3.437554090636348e-4
Burwood - Croydon,24653,438,129,567,0.022999229302721778,Strathfield - Burwood - Ashfield,Sydney - Inner West,Greater Sydney,4495958,0.02337165961069921,-3.7243030797743173e-4
Guildford - South Granville,20951,400,77,477,0.022767409670182807,Merrylands - Guildford,Sydney - Parramatta,Greater Sydney,4495958,0.02337165961069921,-6.04249940516402e-4
Roselands,13739,254,47,301,0.021908435839580756,Canterbury,Sydney - Inner South West,Greater Sydney,4495958,0.02337165961069921,-0.0014632237711184534
Canterbury (North) - Ashbury,10449,177,40,217,0.020767537563403198,Strathfield - Burwood - Ashfield,Sydney - Inner West,Greater Sydney,4495958,0.02337165961069921,-0.0026041220472960112
Putney,4143,63,22,85,0.020516533912623702,Ryde - Hunters Hill,Sydney - Ryde,Greater Sydney,4495958,0.02337165961069921,-0.002855125698075507
Glebe - Forest Lodge,19614,342,54,396,0.02018966044661976,Sydney Inner City,Sydney - City and Inner South,Greater Sydney,4495958,0.02337165961069921,-0.0031819991640794493
Kingsgrove (South) - Bardwell Park,12615,223,31,254,0.020134760206103844,Kogarah - Rockdale,Sydney - Inner South West,Greater Sydney,4495958,0.02337165961069921,-0.0032368994045953656
Rockdale - Banksia,19960,317,46,363,0.01818637274549098,Kogarah - Rockdale,Sydney - Inner South West,Greater Sydney,4495958,0.02337165961069921,-0.005185286865208229
Sydney - Haymarket - The Rocks,27408,434,43,477,0.01740367775831874,Sydney Inner City,Sydney - City and Inner South,Greater Sydney,4495958,0.02337165961069921,-0.005967981852380469
Guildford West - Merrylands West,20722,298,57,355,0.017131551008589905,Merrylands - Guildford,Sydney - Parramatta,Greater Sydney,4495958,0.02337165961069921,-0.0062401086021093045
Arncliffe - Bardwell Valley,21443,319,39,358,0.016695425080445834,Kogarah - Rockdale,Sydney - Inner South West,Greater Sydney,4495958,0.02337165961069921,-0.006676234530253376
Croydon Park - Enfield,17222,219,65,284,0.016490535361746602,Strathfield - Burwood - Ashfield,Sydney - Inner West,Greater Sydney,4495958,0.02337165961069921,-0.006881124248952607
Homebush,16211,204,62,266,0.016408611436678797,Strathfield - Burwood - Ashfield,Sydney - Inner West,Greater Sydney,4495958,0.02337165961069921,-0.006963048174020412
Pyrmont - Ultimo,21655,302,49,351,0.016208727776495034,Sydney Inner City,Sydney - City and Inner South,Greater Sydney,4495958,0.02337165961069921,-0.007162931834204175
Redfern - Chippendale,22495,323,37,360,0.016003556345854635,Sydney Inner City,Sydney - City and Inner South,Greater Sydney,4495958,0.02337165961069921,-0.007368103264844574
Petersham - Stanmore,20234,250,63,313,0.015469012553128398,Marrickville - Sydenham - Petersham,Sydney - City and Inner South,Greater Sydney,4495958,0.02337165961069921,-0.007902647057570811
Ashfield,24497,274,66,340,0.013879250520471894,Strathfield - Burwood - Ashfield,Sydney - Inner West,Greater Sydney,4495958,0.02337165961069921,-0.009492409090227315
Macquarie Fields - Glenfield,23556,300,25,325,0.01379690949227373,Campbelltown (NSW),Sydney - Outer South West,Greater Sydney,4495958,0.02337165961069921,-0.00957475011842548
Erskineville - Alexandria,16236,175,47,222,0.013673318551367332,Sydney Inner City,Sydney - City and Inner South,Greater Sydney,4495958,0.02337165961069921,-0.009698341059331877
Rosemeadow - Glen Alpine,20876,239,45,284,0.013604138723893466,Campbelltown (NSW),Sydney - Outer South West,Greater Sydney,4495958,0.02337165961069921,-0.009767520886805743
Kensington (NSW),14887,158,29,187,0.012561295089675555,Eastern Suburbs - South,Sydney - Eastern Suburbs,Greater Sydney,4495958,0.02337165961069921,-0.010810364521023654
Concord West - North Strathfield,24850,232,79,311,0.012515090543259557,Canada Bay,Sydney - Inner West,Greater Sydney,4495958,0.02337165961069921,-0.010856569067439653
Horsley Park - Kemps Creek,4426,41,12,53,0.011974694984184365,Fairfield,Sydney - South West,Greater Sydney,4495958,0.02337165961069921,-0.011396964626514844
Surry Hills,16416,154,31,185,0.011269493177387914,Sydney Inner City,Sydney - City and Inner South,Greater Sydney,4495958,0.02337165961069921,-0.012102166433311296
Newtown - Camperdown - Darlington,24840,221,55,276,0.011111111111111112,Sydney Inner City,Sydney - City and Inner South,Greater Sydney,4495958,0.02337165961069921,-0.012260548499588098
Waterloo - Beaconsfield,33061,303,63,366,0.011070445540062309,Sydney Inner City,Sydney - City and Inner South,Greater Sydney,4495958,0.02337165961069921,-0.0123012140706369
Holsworthy - Wattle Grove,20706,179,43,222,0.010721529991306867,Liverpool,Sydney - South West,Greater Sydney,4495958,0.02337165961069921,-0.012650129619392343
Kingsford,15602,147,18,165,0.010575567234969876,Eastern Suburbs - South,Sydney - Eastern Suburbs,Greater Sydney,4495958,0.02337165961069921,-0.012796092375729333
North Ryde - East Ryde,12311,102,28,130,0.010559662090813094,Ryde - Hunters Hill,Sydney - Ryde,Greater Sydney,4495958,0.02337165961069921,-0.012811997519886115
West Ryde - Meadowbank,19375,155,47,202,0.010425806451612903,Ryde - Hunters Hill,Sydney - Ryde,Greater Sydney,4495958,0.02337165961069921,-0.012945853159086307
Auburn - Central,17175,114,62,176,0.01024745269286754,Auburn,Sydney - Parramatta,Greater Sydney,4495958,0.02337165961069921,-0.01312420691783167
Austral - Greendale,8918,73,15,88,0.009867683337071092,Bringelly - Green Valley,Sydney - South West,Greater Sydney,4495958,0.02337165961069921,-0.013503976273628118
Concord - Mortlake - Cabarita,21742,145,66,211,0.009704718977095024,Canada Bay,Sydney - Inner West,Greater Sydney,4495958,0.02337165961069921,-0.013666940633604185
Kogarah,11315,80,27,107,0.009456473707467963,Kogarah - Rockdale,Sydney - Inner South West,Greater Sydney,4495958,0.02337165961069921,-0.013915185903231247
Macquarie Park - Marsfield,21728,169,34,203,0.009342783505154639,Ryde - Hunters Hill,Sydney - Ryde,Greater Sydney,4495958,0.02337165961069921,-0.01402887610554457
Greystanes - Pemulwuy,26307,190,53,243,0.009237085186452275,Merrylands - Guildford,Sydney - Parramatta,Greater Sydney,4495958,0.02337165961069921,-0.014134574424246935
Merrylands - Holroyd,28452,209,52,261,0.009173344580345846,Merrylands - Guildford,Sydney - Parramatta,Greater Sydney,4495958,0.02337165961069921,-0.014198315030353363
Illawong - Alfords Point,10366,78,17,95,0.009164576500096468,Sutherland - Menai - Heathcote,Sydney - Sutherland,Greater Sydney,4495958,0.02337165961069921,-0.014207083110602741
Bexley,26480,195,45,240,0.00906344410876133,Kogarah - Rockdale,Sydney - Inner South West,Greater Sydney,4495958,0.02337165961069921,-0.01430821550193788
Drummoyne - Rodd Point,18326,109,53,162,0.008839899596202117,Canada Bay,Sydney - Inner West,Greater Sydney,4495958,0.02337165961069921,-0.014531760014497092
Monterey - Brighton-le-Sands - Kyeemagh,13972,96,26,122,0.008731749212711137,Kogarah - Rockdale,Sydney - Inner South West,Greater Sydney,4495958,0.02337165961069921,-0.014639910397988072
Hurstville,23613,143,62,205,0.00868165840850379,Hurstville,Sydney - Inner South West,Greater Sydney,4495958,0.02337165961069921,-0.01469000120219542
Darlinghurst,11317,79,19,98,0.008659538747017761,Sydney Inner City,Sydney - City and Inner South,Greater Sydney,4495958,0.02337165961069921,-0.014712120863681448
North Rocks,7878,48,20,68,0.008631632394008631,Parramatta,Sydney - Parramatta,Greater Sydney,4495958,0.02337165961069921,-0.014740027216690578
Gladesville - Huntleys Point,14409,96,27,123,0.008536331459504476,Ryde - Hunters Hill,Sydney - Ryde,Greater Sydney,4495958,0.02337165961069921,-0.014835328151194734
Haberfield - Summer Hill,13474,86,27,113,0.008386522190886151,Strathfield - Burwood - Ashfield,Sydney - Inner West,Greater Sydney,4495958,0.02337165961069921,-0.014985137419813058
Mascot - Eastlakes,24407,170,34,204,0.008358257876838611,Botany,Sydney - City and Inner South,Greater Sydney,4495958,0.02337165961069921,-0.015013401733860598
Leichhardt - Annandale,26388,144,76,220,0.008337122934667273,Leichhardt,Sydney - Inner West,Greater Sydney,4495958,0.02337165961069921,-0.015034536676031936
Homebush Bay - Silverwater,18733,116,40,156,0.008327550312283136,Auburn,Sydney - Parramatta,Greater Sydney,4495958,0.02337165961069921,-0.015044109298416073
North Parramatta,22232,157,28,185,0.008321338611011156,Parramatta,Sydney - Parramatta,Greater Sydney,4495958,0.02337165961069921,-0.015050320999688054
Hassall Grove - Plumpton,20673,140,30,170,0.00822328641222851,Mount Druitt,Sydney - Blacktown,Greater Sydney,4495958,0.02337165961069921,-0.0151483731984707
Oatley - Hurstville Grove,12614,85,18,103,0.008165530363088631,Hurstville,Sydney - Inner South West,Greater Sydney,4495958,0.02337165961069921,-0.015206129247610578
Lilyfield - Rozelle,13991,69,44,113,0.008076620684725895,Leichhardt,Sydney - Inner West,Greater Sydney,4495958,0.02337165961069921,-0.015295038925973314
Epping - North Epping,27093,172,46,218,0.008046358838076256,Pennant Hills - Epping,Sydney - Ryde,Greater Sydney,4495958,0.02337165961069921,-0.015325300772622953
Waitara - Wahroonga (West),9602,62,15,77,0.008019162674442824,Hornsby,Sydney - North Sydney and Hornsby,Greater Sydney,4495958,0.02337165961069921,-0.015352496936256385
South Hurstville - Blakehurst,24070,145,47,192,0.007976734524304113,Hurstville,Sydney - Inner South West,Greater Sydney,4495958,0.02337165961069921,-0.015394925086395096
Bradbury - Wedderburn,18962,116,34,150,0.007910557958021305,Campbelltown (NSW),Sydney - Outer South West,Greater Sydney,4495958,0.02337165961069921,-0.015461101652677904
Campbelltown - Woodbine,18194,98,45,143,0.007859733978234583,Campbelltown (NSW),Sydney - Outer South West,Greater Sydney,4495958,0.02337165961069921,-0.015511925632464627
Eastwood - Denistone,25045,144,52,196,0.007825913355959273,Ryde - Hunters Hill,Sydney - Ryde,Greater Sydney,4495958,0.02337165961069921,-0.015545746254739937
Rooty Hill - Minchinbury,21152,137,27,164,0.007753403933434191,Mount Druitt,Sydney - Blacktown,Greater Sydney,4495958,0.02337165961069921,-0.01561825567726502
Katoomba - Leura,13222,89,13,102,0.007714415368325518,Blue Mountains,Sydney - Outer West and Blue Mountains,Greater Sydney,4495958,0.02337165961069921,-0.01565724424237369
Castle Hill - North,11886,79,12,91,0.0076560659599528855,Baulkham Hills,Sydney - Baulkham Hills and Hawkesbury,Greater Sydney,4495958,0.02337165961069921,-0.015715593650746325
Oatlands - Dundas Valley,17788,111,25,136,0.007645603777827749,Carlingford,Sydney - Parramatta,Greater Sydney,4495958,0.02337165961069921,-0.015726055832871462
Sans Souci - Ramsgate,15976,101,21,122,0.007636454682023034,Kogarah - Rockdale,Sydney - Inner South West,Greater Sydney,4495958,0.02337165961069921,-0.015735204928676173
Pagewood - Hillsdale - Daceyville,11374,72,13,85,0.007473184455776332,Botany,Sydney - City and Inner South,Greater Sydney,4495958,0.02337165961069921,-0.015898475154922875
Chatswood (East) - Artarmon,28683,177,37,214,0.0074608653209218,Chatswood - Lane Cove,Sydney - North Sydney and Hornsby,Greater Sydney,4495958,0.02337165961069921,-0.01591079428977741
Minto - St Andrews,19887,109,38,147,0.007391763463569166,Campbelltown (NSW),Sydney - Outer South West,Greater Sydney,4495958,0.02337165961069921,-0.015979896147130045
Hornsby - East,11798,69,18,87,0.007374131208679437,Hornsby,Sydney - North Sydney and Hornsby,Greater Sydney,4495958,0.02337165961069921,-0.015997528402019772
Peakhurst - Lugarno,17937,95,36,131,0.0073033394659084575,Hurstville,Sydney - Inner South West,Greater Sydney,4495958,0.02337165961069921,-0.016068320144790753
Cobbitty - Leppington,17890,103,25,128,0.007154835103409726,Bringelly - Green Valley,Sydney - South West,Greater Sydney,4495958,0.02337165961069921,-0.016216824507289482
Pymble,16354,83,34,117,0.007154213036565978,Ku-ring-gai,Sydney - North Sydney and Hornsby,Greater Sydney,4495958,0.02337165961069921,-0.01621744657413323
Randwick - South,13113,65,28,93,0.0070921985815602835,Eastern Suburbs - South,Sydney - Eastern Suburbs,Greater Sydney,4495958,0.02337165961069921,-0.016279461029138926
Ryde,27174,154,38,192,0.007065577390152351,Ryde - Hunters Hill,Sydney - Ryde,Greater Sydney,4495958,0.02337165961069921,-0.016306082220546858
Ingleburn - Denham Court,19985,115,26,141,0.007055291468601451,Campbelltown (NSW),Sydney - Outer South West,Greater Sydney,4495958,0.02337165961069921,-0.01631636814209776
West Pennant Hills,12640,68,21,89,0.007041139240506329,Baulkham Hills,Sydney - Baulkham Hills and Hawkesbury,Greater Sydney,4495958,0.02337165961069921,-0.01633052037019288
Ermington - Rydalmere,21423,111,37,148,0.0069084628670120895,Carlingford,Sydney - Parramatta,Greater Sydney,4495958,0.02337165961069921,-0.016463196743687118
Chatswood (West) - Lane Cove North,20857,103,38,141,0.006760320276166275,Chatswood - Lane Cove,Sydney - North Sydney and Hornsby,Greater Sydney,4495958,0.02337165961069921,-0.016611339334532935
Castle Hill - South,9519,46,18,64,0.00672339531463389,Baulkham Hills,Sydney - Baulkham Hills and Hawkesbury,Greater Sydney,4495958,0.02337165961069921,-0.01664826429606532
Five Dock - Abbotsford,20440,108,29,137,0.006702544031311155,Canada Bay,Sydney - Inner West,Greater Sydney,4495958,0.02337165961069921,-0.016669115579388057
St Leonards - Naremburn,10500,55,14,69,0.006571428571428572,Chatswood - Lane Cove,Sydney - North Sydney and Hornsby,Greater Sydney,4495958,0.02337165961069921,-0.016800231039270638
Maroubra - West,10195,46,20,66,0.006473761647866601,Eastern Suburbs - South,Sydney - Eastern Suburbs,Greater Sydney,4495958,0.02337165961069921,-0.016897897962832607
Kogarah Bay - Carlton - Allawah,15965,77,26,103,0.0064516129032258064,Kogarah - Rockdale,Sydney - Inner South West,Greater Sydney,4495958,0.02337165961069921,-0.016920046707473404
Pennant Hills - Cheltenham,20495,107,24,131,0.006391802878750915,Pennant Hills - Epping,Sydney - Ryde,Greater Sydney,4495958,0.02337165961069921,-0.016979856731948295
Baulkham Hills (West) - Bella Vista,20068,92,36,128,0.006378313733306757,Baulkham Hills,Sydney - Baulkham Hills and Hawkesbury,Greater Sydney,4495958,0.02337165961069921,-0.01699334587739245
Botany,10822,48,21,69,0.006375900942524487,Botany,Sydney - City and Inner South,Greater Sydney,4495958,0.02337165961069921,-0.016995758668174724
North Sydney - Lavender Bay,10703,56,12,68,0.006353358871344483,North Sydney - Mosman,Sydney - North Sydney and Hornsby,Greater Sydney,4495958,0.02337165961069921,-0.017018300739354727
Crows Nest - Waverton,18026,77,37,114,0.006324198380117608,North Sydney - Mosman,Sydney - North Sydney and Hornsby,Greater Sydney,4495958,0.02337165961069921,-0.017047461230581602
Parramatta - Rosehill,29243,150,34,184,0.006292104093287282,Parramatta,Sydney - Parramatta,Greater Sydney,4495958,0.02337165961069921,-0.01707955551741193
Hornsby - West,10684,50,17,67,0.006271059528266567,Hornsby,Sydney - North Sydney and Hornsby,Greater Sydney,4495958,0.02337165961069921,-0.017100600082432645
Leumeah - Minto Heights,16541,84,19,103,0.006226951212139532,Campbelltown (NSW),Sydney - Outer South West,Greater Sydney,4495958,0.02337165961069921,-0.017144708398559676
Wentworthville - Westmead,15599,83,11,94,0.006026027309442913,Parramatta,Sydney - Parramatta,Greater Sydney,4495958,0.02337165961069921,-0.017345632301256297
Potts Point - Woolloomooloo,21200,98,29,127,0.005990566037735849,Sydney Inner City,Sydney - City and Inner South,Greater Sydney,4495958,0.02337165961069921,-0.01738109357296336
Auburn - North,11325,48,19,67,0.005916114790286976,Auburn,Sydney - Parramatta,Greater Sydney,4495958,0.02337165961069921,-0.017455544820412235
Maroubra - South,10681,57,6,63,0.005898324126954405,Eastern Suburbs - South,Sydney - Eastern Suburbs,Greater Sydney,4495958,0.02337165961069921,-0.017473335483744804
Claymore - Eagle Vale - Raby,20405,94,25,119,0.005831903945111492,Campbelltown (NSW),Sydney - Outer South West,Greater Sydney,4495958,0.02337165961069921,-0.017539755665587718
Carlingford,27359,121,38,159,0.005811615921634563,Carlingford,Sydney - Parramatta,Greater Sydney,4495958,0.02337165961069921,-0.017560043689064646
Asquith - Mount Colah,18291,93,13,106,0.005795199825050571,Hornsby,Sydney - North Sydney and Hornsby,Greater Sydney,4495958,0.02337165961069921,-0.01757645978564864
Randwick - North,16874,69,28,97,0.005748488799336257,Eastern Suburbs - South,Sydney - Eastern Suburbs,Greater Sydney,4495958,0.02337165961069921,-0.017623170811362953
Balmain,15686,70,19,89,0.005673849292362617,Leichhardt,Sydney - Inner West,Greater Sydney,4495958,0.02337165961069921,-0.017697810318336595
Lindfield - Roseville,23147,93,38,131,0.005659480710243228,Ku-ring-gai,Sydney - North Sydney and Hornsby,Greater Sydney,4495958,0.02337165961069921,-0.017712178900455983
Mortdale - Penshurst,23907,105,30,135,0.005646881666457523,Hurstville,Sydney - Inner South West,Greater Sydney,4495958,0.02337165961069921,-0.017724777944241685
Lane Cove - Greenwich,26733,102,43,145,0.005424007780645644,Chatswood - Lane Cove,Sydney - North Sydney and Hornsby,Greater Sydney,4495958,0.02337165961069921,-0.017947651830053566
Doonside - Woodcroft,22526,99,23,122,0.00541596377519311,Blacktown,Sydney - Blacktown,Greater Sydney,4495958,0.02337165961069921,-0.0179556958355061
Turramurra,19267,71,33,104,0.00539783048736181,Ku-ring-gai,Sydney - North Sydney and Hornsby,Greater Sydney,4495958,0.02337165961069921,-0.0179738291233374
Castle Hill - Central,7609,33,8,41,0.005388355894335655,Baulkham Hills,Sydney - Baulkham Hills and Hawkesbury,Greater Sydney,4495958,0.02337165961069921,-0.017983303716363554
Toongabbie - Constitution Hill,21936,82,33,115,0.005242523705324581,Parramatta,Sydney - Parramatta,Greater Sydney,4495958,0.02337165961069921,-0.018129135905374627
Malabar - La Perouse - Chifley,24036,90,36,126,0.005242136794807789,Eastern Suburbs - South,Sydney - Eastern Suburbs,Greater Sydney,4495958,0.02337165961069921,-0.01812952281589142
St Marys - North St Marys,16074,76,7,83,0.005163618265521961,St Marys,Sydney - Outer West and Blue Mountains,Greater Sydney,4495958,0.02337165961069921,-0.01820804134517725
Seven Hills - Toongabbie,23920,100,23,123,0.005142140468227425,Blacktown,Sydney - Blacktown,Greater Sydney,4495958,0.02337165961069921,-0.018229519142471784
Dee Why - North Curl Curl,24949,104,24,128,0.005130466150947934,Warringah,Sydney - Northern Beaches,Greater Sydney,4495958,0.02337165961069921,-0.018241193459751275
Sylvania - Taren Point,15940,59,22,81,0.005081555834378921,Cronulla - Miranda - Caringbah,Sydney - Sutherland,Greater Sydney,4495958,0.02337165961069921,-0.018290103776320288
Baulkham Hills (East),22943,93,23,116,0.0050560083685655755,Baulkham Hills,Sydney - Baulkham Hills and Hawkesbury,Greater Sydney,4495958,0.02337165961069921,-0.018315651242133635
Blacktown (West),16154,67,13,80,0.004952333787297264,Blacktown,Sydney - Blacktown,Greater Sydney,4495958,0.02337165961069921,-0.018419325823401944
Blacktown (South),12325,52,9,61,0.004949290060851927,Blacktown,Sydney - Blacktown,Greater Sydney,4495958,0.02337165961069921,-0.018422369549847283
Northmead,20383,74,26,100,0.004906049158612569,Parramatta,Sydney - Parramatta,Greater Sydney,4495958,0.02337165961069921,-0.01846561045208664
Beacon Hill - Narraweena,13882,50,18,68,0.004898429621092062,Warringah,Sydney - Northern Beaches,Greater Sydney,4495958,0.02337165961069921,-0.018473229989607147
Gordon - Killara,21328,65,38,103,0.004829332333083271,Ku-ring-gai,Sydney - North Sydney and Hornsby,Greater Sydney,4495958,0.02337165961069921,-0.018542327277615938
Castle Hill - East,5594,19,8,27,0.004826599928494816,Baulkham Hills,Sydney - Baulkham Hills and Hawkesbury,Greater Sydney,4495958,0.02337165961069921,-0.018545059682204393
Cherrybrook,18768,58,32,90,0.00479539641943734,Baulkham Hills,Sydney - Baulkham Hills and Hawkesbury,Greater Sydney,4495958,0.02337165961069921,-0.01857626319126187
Maroubra - North,9812,39,8,47,0.004790052996331023,Eastern Suburbs - South,Sydney - Eastern Suburbs,Greater Sydney,4495958,0.02337165961069921,-0.018581606614368185
Glendenning - Dean Park,8354,34,6,40,0.004788125448886761,Mount Druitt,Sydney - Blacktown,Greater Sydney,4495958,0.02337165961069921,-0.018583534161812448
Hunters Hill - Woolwich,10341,37,12,49,0.004738419882023015,Ryde - Hunters Hill,Sydney - Ryde,Greater Sydney,4495958,0.02337165961069921,-0.018633239728676195
Kellyville,23231,82,28,110,0.004735052300804959,Baulkham Hills,Sydney - Baulkham Hills and Hawkesbury,Greater Sydney,4495958,0.02337165961069921,-0.01863660730989425
Bidwill - Hebersham - Emerton,18439,74,11,85,0.004609794457400076,Mount Druitt,Sydney - Blacktown,Greater Sydney,4495958,0.02337165961069921,-0.018761865153299133
Wahroonga (East) - Warrawee,17822,61,21,82,0.00460105487599596,Ku-ring-gai,Sydney - North Sydney and Hornsby,Greater Sydney,4495958,0.02337165961069921,-0.01877060473470325
Castle Hill - West,5239,20,4,24,0.004581026913533117,Baulkham Hills,Sydney - Baulkham Hills and Hawkesbury,Greater Sydney,4495958,0.02337165961069921,-0.01879063269716609
Mount Annan - Currans Hill,28576,95,34,129,0.004514277715565509,Camden,Sydney - Outer South West,Greater Sydney,4495958,0.02337165961069921,-0.0188573818951337
Mount Druitt - Whalan,22701,81,17,98,0.004316990440949738,Mount Druitt,Sydney - Blacktown,Greater Sydney,4495958,0.02337165961069921,-0.01905466916974947
St Clair,19895,63,21,84,0.004222166373460669,St Marys,Sydney - Outer West and Blue Mountains,Greater Sydney,4495958,0.02337165961069921,-0.01914949323723854
Double Bay - Bellevue Hill,24870,73,31,104,0.0041817450743868115,Eastern Suburbs - North,Sydney - Eastern Suburbs,Greater Sydney,4495958,0.02337165961069921,-0.0191899145363124
Forestville - Killarney Heights,12796,30,22,52,0.004063769928102532,Warringah,Sydney - Northern Beaches,Greater Sydney,4495958,0.02337165961069921,-0.019307889682596675
Cremorne - Cammeray,19084,59,18,77,0.004034793544330329,North Sydney - Mosman,Sydney - North Sydney and Hornsby,Greater Sydney,4495958,0.02337165961069921,-0.01933686606636888
Paddington - Moore Park,15171,55,6,61,0.00402082921363127,Eastern Suburbs - North,Sydney - Eastern Suburbs,Greater Sydney,4495958,0.02337165961069921,-0.01935083039706794
Woollahra,7686,21,9,30,0.0039032006245121,Eastern Suburbs - North,Sydney - Eastern Suburbs,Greater Sydney,4495958,0.02337165961069921,-0.01946845898618711
Colyton - Oxley Park,11595,28,17,45,0.0038809831824062097,St Marys,Sydney - Outer West and Blue Mountains,Greater Sydney,4495958,0.02337165961069921,-0.019490676428293
Neutral Bay - Kirribilli,17852,55,14,69,0.003865113152587945,North Sydney - Mosman,Sydney - North Sydney and Hornsby,Greater Sydney,4495958,0.02337165961069921,-0.019506546458111264
Bondi Junction - Waverly,16853,49,16,65,0.0038568800806977987,Eastern Suburbs - North,Sydney - Eastern Suburbs,Greater Sydney,4495958,0.02337165961069921,-0.01951477953000141
Terrey Hills - Duffys Forest,3648,7,7,14,0.003837719298245614,Warringah,Sydney - Northern Beaches,Greater Sydney,4495958,0.02337165961069921,-0.019533940312453597
Caringbah,11764,40,5,45,0.003825229513770826,Cronulla - Miranda - Caringbah,Sydney - Sutherland,Greater Sydney,4495958,0.02337165961069921,-0.019546430096928382
Penrith,13295,39,11,50,0.00376081233546446,Penrith,Sydney - Outer West and Blue Mountains,Greater Sydney,4495958,0.02337165961069921,-0.01961084727523475
Jamisontown - South Penrith,17288,50,15,65,0.0037598334104581212,Penrith,Sydney - Outer West and Blue Mountains,Greater Sydney,4495958,0.02337165961069921,-0.019611826200241086
Blacktown (North) - Marayong,18024,48,19,67,0.003717265867731913,Blacktown,Sydney - Blacktown,Greater Sydney,4495958,0.02337165961069921,-0.019654393742967298
Parklea - Kellyville Ridge,32645,75,45,120,0.00367590748966151,Blacktown - North,Sydney - Blacktown,Greater Sydney,4495958,0.02337165961069921,-0.019695752121037698
Normanhurst - Thornleigh - Westleigh,18531,52,15,67,0.0036155631104635476,Hornsby,Sydney - North Sydney and Hornsby,Greater Sydney,4495958,0.02337165961069921,-0.019756096500235663
Willoughby - Castle Cove - Northbridge,25463,59,33,92,0.0036130856536935947,Chatswood - Lane Cove,Sydney - North Sydney and Hornsby,Greater Sydney,4495958,0.02337165961069921,-0.019758573957005615
Elderslie - Harrington Park,20980,65,10,75,0.003574833174451859,Camden,Sydney - Outer South West,Greater Sydney,4495958,0.02337165961069921,-0.01979682643624735
Sutherland - Kirrawee,20874,52,20,72,0.0034492670307559644,Sutherland - Menai - Heathcote,Sydney - Sutherland,Greater Sydney,4495958,0.02337165961069921,-0.019922392579943243
Glenmore Park - Regentville,21203,48,24,72,0.003395745885016271,Penrith,Sydney - Outer West and Blue Mountains,Greater Sydney,4495958,0.02337165961069921,-0.01997591372568294
Coogee - Clovelly,25455,64,22,86,0.003378511098016107,Eastern Suburbs - South,Sydney - Eastern Suburbs,Greater Sydney,4495958,0.02337165961069921,-0.019993148512683103
Menai - Lucas Heights - Woronora,21128,48,23,71,0.003360469519121545,Sutherland - Menai - Heathcote,Sydney - Sutherland,Greater Sydney,4495958,0.02337165961069921,-0.020011190091577664
Miranda - Yowie Bay,18230,36,25,61,0.003346132748217224,Cronulla - Miranda - Caringbah,Sydney - Sutherland,Greater Sydney,4495958,0.02337165961069921,-0.020025526862481983
Pendle Hill - Girraween,12842,31,11,42,0.0032705186108082855,Parramatta,Sydney - Parramatta,Greater Sydney,4495958,0.02337165961069921,-0.020101140999890924
Kingswood - Werrington,19577,56,8,64,0.0032691423609337487,Penrith,Sydney - Outer West and Blue Mountains,Greater Sydney,4495958,0.02337165961069921,-0.020102517249765462
Mosman,28476,57,35,92,0.0032307908414103102,North Sydney - Mosman,Sydney - North Sydney and Hornsby,Greater Sydney,4495958,0.02337165961069921,-0.0201408687692889
Rouse Hill - Beaumont Hills,22651,46,22,68,0.003002074963577767,Rouse Hill - McGraths Hill,Sydney - Baulkham Hills and Hawkesbury,Greater Sydney,4495958,0.02337165961069921,-0.020369584647121443
Glenwood,16128,37,11,48,0.002976190476190476,Blacktown - North,Sydney - Blacktown,Greater Sydney,4495958,0.02337165961069921,-0.020395469134508733
Woolaware - Burraneer,7728,22,0,22,0.002846790890269151,Cronulla - Miranda - Caringbah,Sydney - Sutherland,Greater Sydney,4495958,0.02337165961069921,-0.020524868720430058
Lalor Park - Kings Langley,24874,58,12,70,0.0028141834847632066,Blacktown,Sydney - Blacktown,Greater Sydney,4495958,0.02337165961069921,-0.020557476125936003
Wentworth Falls,6077,13,4,17,0.0027974329438867863,Blue Mountains,Sydney - Outer West and Blue Mountains,Greater Sydney,4495958,0.02337165961069921,-0.020574226666812422
Manly - Fairlight,21704,49,11,60,0.0027644673792849243,Manly,Sydney - Northern Beaches,Greater Sydney,4495958,0.02337165961069921,-0.020607192231414287
St Ives,20456,31,24,55,0.0026886976926085255,Ku-ring-gai,Sydney - North Sydney and Hornsby,Greater Sydney,4495958,0.02337165961069921,-0.020682961918090683
Lethbridge Park - Tregear,20705,47,8,55,0.0026563631972953395,Mount Druitt,Sydney - Blacktown,Greater Sydney,4495958,0.02337165961069921,-0.02071529641340387
Riverstone - Marsden Park,17307,24,20,44,0.0025423239151788294,Blacktown - North,Sydney - Blacktown,Greater Sydney,4495958,0.02337165961069921,-0.020829335695520382
Winston Hills,10774,19,8,27,0.0025060330425097457,Parramatta,Sydney - Parramatta,Greater Sydney,4495958,0.02337165961069921,-0.020865626568189462
Warriewood - Mona Vale,24134,40,20,60,0.002486119167978785,Pittwater,Sydney - Northern Beaches,Greater Sydney,4495958,0.02337165961069921,-0.020885540442720424
Balgowlah - Clontarf - Seaforth,20188,32,14,46,0.0022785813354468,Manly,Sydney - Northern Beaches,Greater Sydney,4495958,0.02337165961069921,-0.02109307827525241
Bayview - Elanora Heights,10745,11,13,24,0.0022335970218706376,Pittwater,Sydney - Northern Beaches,Greater Sydney,4495958,0.02337165961069921,-0.021138062588828572
Rose Bay - Vaucluse - Watsons Bay,11844,21,5,26,0.002195204322863897,Eastern Suburbs - North,Sydney - Eastern Suburbs,Greater Sydney,4495958,0.02337165961069921,-0.02117645528783531
Blacktown (East) - Kings Park,16920,12,25,37,0.002186761229314421,Blacktown,Sydney - Blacktown,Greater Sydney,4495958,0.02337165961069921,-0.02118489838138479
Erskine Park,6440,11,3,14,0.002173913043478261,St Marys,Sydney - Outer West and Blue Mountains,Greater Sydney,4495958,0.02337165961069921,-0.021197746567220947
Bondi - Tamarama - Bronte,18401,26,14,40,0.0021737949024509535,Eastern Suburbs - North,Sydney - Eastern Suburbs,Greater Sydney,4495958,0.02337165961069921,-0.021197864708248255
Yarramundi - Londonderry,7376,8,8,16,0.0021691973969631237,Richmond - Windsor,Sydney - Outer West and Blue Mountains,Greater Sydney,4495958,0.02337165961069921,-0.021202462213736086
Blackheath - Megalong Valley,5560,4,8,12,0.002158273381294964,Blue Mountains,Sydney - Outer West and Blue Mountains,Greater Sydney,4495958,0.02337165961069921,-0.021213386229404246
Windsor - Bligh Park,15330,20,13,33,0.002152641878669276,Richmond - Windsor,Sydney - Outer West and Blue Mountains,Greater Sydney,4495958,0.02337165961069921,-0.021219017732029933
Berowra - Brooklyn - Cowan,11699,25,0,25,0.0021369347807504917,Hornsby,Sydney - North Sydney and Hornsby,Greater Sydney,4495958,0.02337165961069921,-0.021234724829948717
Dover Heights,10830,17,6,23,0.002123730378578024,Eastern Suburbs - North,Sydney - Eastern Suburbs,Greater Sydney,4495958,0.02337165961069921,-0.021247929232121186
Oyster Bay - Como - Jannali,21254,27,18,45,0.0021172485179260375,Sutherland - Menai - Heathcote,Sydney - Sutherland,Greater Sydney,4495958,0.02337165961069921,-0.021254411092773172
The Oaks - Oakdale,8997,11,8,19,0.0021118150494609314,Wollondilly,Sydney - Outer South West,Greater Sydney,4495958,0.02337165961069921,-0.021259844561238278
Frenchs Forest - Belrose,25171,40,13,53,0.002105597711652298,Warringah,Sydney - Northern Beaches,Greater Sydney,4495958,0.02337165961069921,-0.021266061899046913
Bargo,5740,9,3,12,0.0020905923344947735,Wollondilly,Sydney - Outer South West,Greater Sydney,4495958,0.02337165961069921,-0.021281067276204435
Glenhaven,6253,10,3,13,0.002079002079002079,Baulkham Hills,Sydney - Baulkham Hills and Hawkesbury,Greater Sydney,4495958,0.02337165961069921,-0.02129265753169713
Gymea - Grays Point,17479,25,11,36,0.0020596143944161564,Cronulla - Miranda - Caringbah,Sydney - Sutherland,Greater Sydney,4495958,0.02337165961069921,-0.021312045216283052
Quakers Hill,22945,26,20,46,0.0020047940727827415,Blacktown - North,Sydney - Blacktown,Greater Sydney,4495958,0.02337165961069921,-0.021366865537916467
Cambridge Park,15644,17,14,31,0.001981590386090514,Penrith,Sydney - Outer West and Blue Mountains,Greater Sydney,4495958,0.02337165961069921,-0.021390069224608697
Cromer,7485,11,3,14,0.0018704074816299266,Warringah,Sydney - Northern Beaches,Greater Sydney,4495958,0.02337165961069921,-0.02150125212906928
Dural - Kenthurst - Wisemans Ferry,21019,31,8,39,0.0018554641039059897,Dural - Wisemans Ferry,Sydney - Baulkham Hills and Hawkesbury,Greater Sydney,4495958,0.02337165961069921,-0.02151619550679322
Acacia Gardens,3796,7,0,7,0.0018440463645943098,Blacktown - North,Sydney - Blacktown,Greater Sydney,4495958,0.02337165961069921,-0.0215276132461049
Newport - Bilgola,13186,16,8,24,0.0018201122402548156,Pittwater,Sydney - Northern Beaches,Greater Sydney,4495958,0.02337165961069921,-0.021551547370444395
Freshwater - Brookvale,20978,31,6,37,0.0017637525026217942,Warringah,Sydney - Northern Beaches,Greater Sydney,4495958,0.02337165961069921,-0.021607907108077414
Galston - Laughtondale,5210,5,4,9,0.001727447216890595,Dural - Wisemans Ferry,Sydney - Baulkham Hills and Hawkesbury,Greater Sydney,4495958,0.02337165961069921,-0.021644212393808614
Narrabeen - Collaroy,24771,31,11,42,0.0016955310645512898,Warringah,Sydney - Northern Beaches,Greater Sydney,4495958,0.02337165961069921,-0.02167612854614792
Douglas Park - Appin,9625,11,4,15,0.0015584415584415584,Wollondilly,Sydney - Outer South West,Greater Sydney,4495958,0.02337165961069921,-0.021813218052257652
Avalon - Palm Beach,12374,9,10,19,0.001535477614352675,Pittwater,Sydney - Northern Beaches,Greater Sydney,4495958,0.02337165961069921,-0.021836181996346536
Manly Vale - Allambie Heights,16870,18,7,25,0.0014819205690574985,Warringah,Sydney - Northern Beaches,Greater Sydney,4495958,0.02337165961069921,-0.02188973904164171
Cronulla - Kurnell - Bundeena,23487,23,10,33,0.0014050325712096053,Cronulla - Miranda - Caringbah,Sydney - Sutherland,Greater Sydney,4495958,0.02337165961069921,-0.021966627039489605
Bondi Beach - North Bondi,20729,21,8,29,0.0013990062231656133,Eastern Suburbs - North,Sydney - Eastern Suburbs,Greater Sydney,4495958,0.02337165961069921,-0.021972653387533597
Castlereagh - Cranebrook,23724,19,13,32,0.0013488450514247176,Penrith,Sydney - Outer West and Blue Mountains,Greater Sydney,4495958,0.02337165961069921,-0.022022814559274493
Richmond - Clarendon,13839,18,0,18,0.001300672013873835,Richmond - Windsor,Sydney - Outer West and Blue Mountains,Greater Sydney,4495958,0.02337165961069921,-0.022070987596825374
Pitt Town - McGraths Hill,10531,5,8,13,0.0012344506694520938,Rouse Hill - McGraths Hill,Sydney - Baulkham Hills and Hawkesbury,Greater Sydney,4495958,0.02337165961069921,-0.022137208941247117
Picton - Tahmoor - Buxton,16786,17,3,20,0.0011914690813773384,Wollondilly,Sydney - Outer South West,Greater Sydney,4495958,0.02337165961069921,-0.02218019052932187
Engadine,16992,12,8,20,0.0011770244821092278,Sutherland - Menai - Heathcote,Sydney - Sutherland,Greater Sydney,4495958,0.02337165961069921,-0.022194635128589983
Lawson - Hazelbrook - Linden,11253,5,8,13,0.00115524748955834,Blue Mountains,Sydney - Outer West and Blue Mountains,Greater Sydney,4495958,0.02337165961069921,-0.02221641212114087
Camden - Ellis Lane,12963,7,7,14,0.0010799969142945307,Camden,Sydney - Outer South West,Greater Sydney,4495958,0.02337165961069921,-0.022291662696404677
Blaxland - Warrimoo - Lapstone,18936,11,9,20,0.0010561892691170257,Blue Mountains,Sydney - Outer West and Blue Mountains,Greater Sydney,4495958,0.02337165961069921,-0.022315470341582183
Mulgoa - Luddenham - Orchard Hills,9541,4,6,10,0.0010481081647626036,Penrith,Sydney - Outer West and Blue Mountains,Greater Sydney,4495958,0.02337165961069921,-0.022323551445936604
Springwood - Winmalee,21633,13,8,21,9.707391485230897e-4,Blue Mountains,Sydney - Outer West and Blue Mountains,Greater Sydney,4495958,0.02337165961069921,-0.022400920462176118
Loftus - Yarrawarrah,7247,3,3,6,8.279287981233614e-4,Sutherland - Menai - Heathcote,Sydney - Sutherland,Greater Sydney,4495958,0.02337165961069921,-0.02254373081257585
Warragamba - Silverdale,5195,4,0,4,7.699711260827719e-4,Penrith,Sydney - Outer West and Blue Mountains,Greater Sydney,4495958,0.02337165961069921,-0.02260168848461644
Heathcote - Waterfall,6504,4,0,4,6.150061500615006e-4,Sutherland - Menai - Heathcote,Sydney - Sutherland,Greater Sydney,4495958,0.02337165961069921,-0.02275665346063771
Kurrajong Heights - Ebenezer,21898,11,0,11,5.023289798155083e-4,Hawkesbury,Sydney - Baulkham Hills and Hawkesbury,Greater Sydney,4495958,0.02337165961069921,-0.0228693306308837
Emu Plains - Leonay,14223,4,3,7,4.921605849680095e-4,Penrith,Sydney - Outer West and Blue Mountains,Greater Sydney,4495958,0.02337165961069921,-0.0228794990257312
Caringbah South,12058,0,3,3,2.487974788522143e-4,Cronulla - Miranda - Caringbah,Sydney - Sutherland,Greater Sydney,4495958,0.02337165961069921,-0.023122862131846996
Bilpin - Colo - St Albans,2691,0,0,0,0,Hawkesbury,Sydney - Baulkham Hills and Hawkesbury,Greater Sydney,4495958,0.02337165961069921,-0.02337165961069921
Lilli Pilli - Port Hacking - Dolans Bay,3149,0,0,0,0,Cronulla - Miranda - Caringbah,Sydney - Sutherland,Greater Sydney,4495958,0.02337165961069921,-0.02337165961069921
Woronora Heights,3646,0,0,0,0,Sutherland - Menai - Heathcote,Sydney - Sutherland,Greater Sydney,4495958,0.02337165961069921,-0.02337165961069921
